,model,version,equipments,mileage,mmyy,power,use_type,n_owners,gear,fuel_type,price
0,Fiat Punto Evo,1.4 5 porte Dynamic EasyPower,"['Sedile posteriore sdoppiato, Fendinebbia']",218000,09/2011,57 kW (77 CV),Usato,1,Manuale,GPL,3390
1,Fiat Punto Evo,1.2 3 porte Active,"['Specchietti laterali elettrici, Antifurto']",176539,11/2011,48 kW (65 CV),Usato,,Manuale,Benzina,3900
2,Fiat Punto Evo,Punto Evo 1.2 Dynamic s,"['Volante in pelle, Computer di bordo, Chiusura centralizzata telecomandata, Climatizzatore, ABS, Chiusura centralizzata, Start/Stop Automatico']",159000,01/2012,51 kW (69 CV),Usato,,Manuale,Benzina,4500
3,Fiat Punto Evo,1.6 Mjt DPF 3 porte Sport,"['Fendinebbia, Pacchetto sportivo, Chiusura centralizzata, Isofix, Limitatore di velocità, Cerchi in lega, Ruota di riserva, Volante in pelle']",197000,04/2010,88 kW (120 CV),Usato,,Manuale,Diesel,4900
4,Fiat Punto Evo,1.2 3 porte S&S Dynamic,"['Cerchi in lega, Climatizzatore, Autoradio, Chiusura centralizzata, MP3, CD']",59900,06/2012,51 kW (69 CV),Usato,,Manuale,Benzina,5900
5,Fiat Punto Evo,1.2 5 porte S&S 150°,['PREZZO VERO SENZA OBBLIGO FINANZIAMENTO'],89000,08/2011,51 kW (69 CV),Usato,,Manuale,Benzina,6000
6,Fiat Punto Evo,1.4 5 porte Dynamic Natural Po,"['Chiusura centralizzata, Cerchi in lega, Fendinebbia, Alzacristalli elettrici, Isofix, Controllo automatico trazione, Bluetooth, Sedile posteriore sdoppiato']",140000,02/2012,51 kW (69 CV),Usato,2,Manuale,Metano,6500
7,Fiat Punto Evo,1.4 M.Air 16V 5 porte S,"['Cerchi in lega, Airbag passeggero']",88000,03/2011,77 kW (105 CV),Usato,,Manuale,Benzina,5600
8,Fiat Punto Evo,1.4 Naturalpower Dynamic GUARNIZIONE TESTA BRUCIAT,,419000,10/2010,57 kW (77 CV),Usato,,Manuale,Metano,1500
9,Fiat Punto Evo,1.3 Mjt 90 CV 5 porte Dynamic,,260000,08/2010,66 kW (90 CV),Usato,,Manuale,Diesel,2000
10,Fiat Punto Evo,1.4 3 porte Active van metano,,380000,08/2012,51 kW (69 CV),Usato,1,Manuale,Metano,2200
11,Fiat Punto Evo,1.4 5 porte Active Natural Pow,,305000,06/2012,51 kW (69 CV),Usato,,Manuale,Metano,2400
12,Fiat Punto Evo,1.4 3 porte Dynamic Natural Po,,260000,04/2010,51 kW (69 CV),Usato,,Manuale,Metano,2400
13,Fiat Punto Evo,1.4 5 porte Dynamic Natural Po,,190000,06/2011,51 kW (69 CV),Usato,,Manuale,Metano,2490
14,Fiat Punto Evo,1.4 3 porte Active Natural Pow,,215000,12/2011,57 kW (77 CV),Usato,,Manuale,Benzina,2500
15,Fiat Punto Evo,1.3 MJT 75 DPF S VAN 2 POSTI,,166000,07/2012,55 kW (75 CV),Usato,,Manuale,Diesel,2500
16,Fiat Punto Evo,NEOPATENTATI GPL DELLA CASA. BEN TENUTA.,,292136,05/2011,57 kW (77 CV),Usato,,Manuale,GPL,2700
17,Fiat Punto Evo,1.3 Mjt 75 CV 5 porte Dynamic,,230000,07/2010,55 kW (75 CV),Usato,,Manuale,Diesel,2700
18,Fiat Punto Evo,1.2 3 porte S,,190000,09/2011,51 kW (69 CV),Usato,,Manuale,Benzina,2750
19,Fiat Punto Evo,1.4 5 porte Active Natural Pow,,222000,02/2010,51 kW (69 CV),Usato,,Manuale,Metano,2800
20,Fiat Punto Evo,1.3 Mjt 75 CV 5 porte Dynamic,,230000,09/2010,55 kW (75 CV),Usato,,Manuale,Diesel,2800
21,Fiat Punto Evo,Punto Evo 1.2 X NEOPATENTATI,,135000,01/2011,51 kW (69 CV),Usato,,Manuale,Benzina,2900
22,Fiat Punto Evo,1.4 5 porte Active,,210000,10/2010,57 kW (77 CV),Usato,,Manuale,GPL,2900
23,Fiat Punto Evo,1.2 5 porte,,264000,04/2012,51 kW (69 CV),Usato,,Manuale,Benzina,2900
24,Fiat Punto Evo,1.3 MJT 75CV 5p. dinamic,,291649,03/2010,55 kW (75 CV),Usato,,Manuale,Diesel,2900
25,Fiat Punto Evo,Punto Evo 1.3 Mjt 75 CV DPF 5 porte S&S Dynamic/ V,,279000,01/2011,55 kW (75 CV),Usato,,Manuale,Diesel,2900
26,Fiat Punto Evo,2013 1.3 75CV MULTIJET 2 5 PORTE 5 POSTI 2 CHIAVI,,109000,07/2013,55 kW (75 CV),Usato,1,Manuale,Diesel,2999
27,Fiat Punto Evo,1.4 5 porte MyLife Natural Pow,,200000,02/2011,51 kW (69 CV),Usato,,Manuale,Metano,3000
28,Fiat Punto Evo,Punto Evo 1.4 natural power Dynamic 70cv 5p,,240000,12/2011,51 kW (69 CV),Usato,,Manuale,Metano,3000
29,Fiat Punto Evo,1.4 5 porte Active Natural Pow,,216000,07/2011,51 kW (69 CV),Usato,,Manuale,Metano,3000
30,Fiat Punto Evo,1.3 Mjt 75 CV 5 porte Dynamic,,258000,06/2010,55 kW (75 CV),Usato,,Manuale,Diesel,3000
31,Fiat Punto Evo,1.2 3 porte S,,110000,07/2011,51 kW (69 CV),Usato,,Manuale,Benzina,3000
32,Fiat Punto Evo,1.3 MJT 95 DPF S,,191000,08/2010,70 kW (95 CV),Usato,,Manuale,Diesel,3000
33,Fiat Punto Evo,1.4 3 porte Active EasyPower,,220000,06/2012,57 kW (77 CV),Usato,,Manuale,GPL,3000
34,Fiat Punto Evo,1.3 Mjt 75 CV 5 porte Active,,180000,05/2011,55 kW (75 CV),Usato,,Manuale,Diesel,3000
35,Fiat Punto Evo,1.4 5 porte Dynamic Natural Po,,216000,07/2011,51 kW (69 CV),Usato,1,Manuale,Metano,3000
36,Fiat Punto Evo,1.3 MJT 75CV 5p. Van Dynamic,,155000,04/2010,55 kW (75 CV),Usato,,Manuale,Diesel,3200
37,Fiat Punto Evo,Punto Evo 1.3 mjt Dynamic s,,204000,07/2011,70 kW (95 CV),Usato,1,Manuale,Diesel,3200
38,Fiat Punto Evo,1.3 Mjt 95 CV DPF 5 porte S,,202000,05/2012,70 kW (95 CV),Usato,,Manuale,Diesel,3200
39,Fiat Punto Evo,1.4 M.Air 16V 5 porte S,,225000,02/2010,77 kW (105 CV),Usato,,Manuale,Benzina,3250
40,Fiat Punto Evo,1.3 MJT 75CV 3p. Van Dynamic,,167000,07/2011,55 kW (75 CV),Usato,,Manuale,Diesel,3300
41,Fiat Punto Evo,1.2 5 porte Active,,200000,06/2010,48 kW (65 CV),Usato,,Manuale,Benzina,3300
42,Fiat Punto Evo,1.4 5 porte Dynamic Natural Po,,225000,02/2011,57 kW (77 CV),Usato,1,Manuale,Metano,3300
43,Fiat Punto Evo,Punto Evo 1.4 natural power Dynamic 70cv 3p,,199000,11/2009,51 kW (69 CV),Usato,1,Manuale,Metano,3400
44,Fiat Punto Evo,1.4 5 porte Active Natural Pow,,200000,12/2009,51 kW (69 CV),Usato,,Manuale,Metano,3400
45,Fiat Punto Evo,1.3 Mjt 75 CV 5 porte Dynamic,,215000,01/2010,55 kW (75 CV),Usato,,Manuale,Diesel,3489
46,Fiat Punto Evo,1.3 Mjt 75 CV DPF 3 porte S*EURO5*CERCHI*CLIMA,,217000,07/2011,55 kW (75 CV),Usato,,Manuale,Diesel,3490
47,Fiat Punto Evo,sport,,167000,11/2010,70 kW (95 CV),Usato,,- (Tipo di cambio),Diesel,3500
48,Fiat Punto Evo,1.4 5 porte 150° Natural Power,,219000,06/2011,51 kW (69 CV),Usato,,Manuale,Metano,3500
49,Fiat Punto Evo,1.3 Mjt 95 CV DPF 5 porte S,,206000,01/2010,70 kW (95 CV),Usato,,Manuale,Diesel,3500
50,Fiat Punto Evo,1.4 5 porte Active,,180000,02/2011,57 kW (77 CV),Usato,,Manuale,Benzina,3500
51,Fiat Punto Evo,1.3 Mjt 90 CV 3 porte Dynamic,,200000,09/2010,66 kW (90 CV),Usato,2,Manuale,Diesel,3500
52,Fiat Punto Evo,1.4 5 porte Dynamic Natural Po,,208000,11/2009,57 kW (77 CV),Usato,,Manuale,Benzina,3500
53,Fiat Punto Evo,1.4 M.Air 16V 3 porte Turbo S,,117000,08/2010,48 kW (65 CV),Usato,,Manuale,Benzina,3500
54,Fiat Punto Evo,1.4 XNEOPATENTATI SOFT TUNING,,220000,08/2010,51 kW (69 CV),Usato,,Manuale,Metano,3500
55,Fiat Punto Evo,1.2 3 porte S&S Dynamic,,209885,04/2011,51 kW (69 CV),Usato,,Manuale,Benzina,3500
56,Fiat Punto Evo,Punto Evo 1.4 natural power Emotion 70cv 5p,,220000,03/2010,51 kW (69 CV),Usato,,Manuale,Metano,3500
57,Fiat Punto Evo,Punto Evo 1.2 Blue,,207000,02/2012,51 kW (69 CV),Usato,1,Manuale,GPL,3500
58,Fiat Punto Evo,1.2 5 porte Dynamic (leggere descrizione),,150000,04/2010,48 kW (65 CV),Usato,,Manuale,Benzina,3500
59,Fiat Punto Evo,1.3 Mjt 75 CV 3 porte Active,,173241,09/2011,55 kW (75 CV),Usato,,Manuale,Diesel,3500
60,Fiat Punto Evo,,,173241,09/2011,55 kW (75 CV),Usato,,- (Tipo di cambio),Diesel,3500
61,Fiat Punto Evo,1.2 5 porte S,,187000,04/2011,51 kW (69 CV),Usato,,Manuale,Benzina,3500
62,Fiat Punto Evo,1.4 5 porte Dynamic GPL,,169000,01/2010,57 kW (77 CV),Usato,,Manuale,GPL,3500
63,Fiat Punto Evo,1.3 Mjt 95 CV DPF 5 porte S,,180000,01/2010,70 kW (95 CV),Usato,,Manuale,Diesel,3500
64,Fiat Punto Evo,1.3 Mjt 75 CV DPF 3 porte S,,88000,12/2010,55 kW (75 CV),Usato,,Manuale,Diesel,3500
65,Fiat Punto Evo,1.2 3 porte Active,,137000,05/2011,48 kW (65 CV),Usato,2,Manuale,Benzina,3500
66,Fiat Punto Evo,1.3 Mjt 75 CV 5 porte Active,,198000,06/2011,55 kW (75 CV),Usato,,Manuale,Diesel,3500
67,Fiat Punto Evo,Dynamic,,156000,11/2011,70 kW (95 CV),Usato,,Manuale,Diesel,3600
68,Fiat Punto Evo,1.2 3 porte S&S Dynamic GPL Neo Patentati,,215000,03/2011,51 kW (69 CV),Usato,,Manuale,GPL,3600
69,Fiat Punto Evo,1.3 Mjt 75 CV 3 porte Fun,,172000,02/2010,55 kW (75 CV),Usato,1,Manuale,Diesel,3600
70,Fiat Punto Evo,1.2 5 porte S,,141000,06/2011,51 kW (69 CV),Usato,,Manuale,Benzina,3600
71,Fiat Punto Evo,1.3 Mjt 85 CV DPF 5 porte S,,224000,06/2011,63 kW (86 CV),Usato,,Manuale,Diesel,3600
72,Fiat Punto Evo,1.4 5 porte Emotion GPL,,177000,05/2010,57 kW (77 CV),Usato,,Manuale,GPL,3600
73,Fiat Punto Evo,1.2 5 porte S,,151000,05/2011,51 kW (69 CV),Usato,,Manuale,Benzina,3700
74,Fiat Punto Evo,Punto Evo 1.3 Mjt 75 CV Van,,185000,07/2012,55 kW (75 CV),Usato,,Manuale,Diesel,3700
75,Fiat Punto Evo,VAN 1.3 MJT 75CV 3 porte Van Pop 2 posti E5+,,210000,12/2013,55 kW (75 CV),Aziendale,,Manuale,Diesel,3700
76,Fiat Punto Evo,Punto Evo 1.3 Mjt 90 CV 5 porte Dynamic,,204000,09/2010,66 kW (90 CV),Usato,,Manuale,Diesel,3750
77,Fiat Punto Evo,1.4 5 porte Active,,140000,11/2010,57 kW (77 CV),Usato,,Manuale,Benzina,3750
78,Fiat Punto Evo,1.4 MultiAir S&S 105 CV,,162000,06/2010,77 kW (105 CV),Usato,2,Manuale,Benzina,3800
79,Fiat Punto Evo,Punto Evo 1.3 mjt 150th s,,146000,06/2011,55 kW (75 CV),Usato,,Manuale,Diesel,3800
80,Fiat Punto Evo,Punto Evo 1.4 m-air Dynamic s,,180000,04/2010,77 kW (105 CV),Usato,,Manuale,Benzina,3800
81,Fiat Punto Evo,1.2 5 porte #PERFETTA#CERCHI IN LEGA,,170000,10/2012,51 kW (69 CV),Usato,1,Manuale,Benzina,3800
82,Fiat Punto Evo,1.4 5 porte Dynamic GPL,,270000,10/2011,57 kW (77 CV),Usato,,Manuale,Benzina,3800
83,Fiat Punto Evo,Active,,155000,07/2010,48 kW (65 CV),Usato,1,Manuale,GPL,3800
84,Fiat Punto Evo,1.3mjt 75cv 3 porte EURO 5 - OK NEOPATENTATI,,170000,10/2011,55 kW (75 CV),Usato,2,Manuale,Diesel,3800
85,Fiat Punto Evo,1.4 5 porte Dynamic Natural Po,,220000,09/2009,51 kW (69 CV),Usato,,Manuale,Metano,3800
86,Fiat Punto Evo,1.4 3 porte 150° Natural Power,,174000,09/2011,57 kW (77 CV),Usato,,Manuale,Metano,3800
87,Fiat Punto Evo,1.2 5 porte S,,240000,09/2011,51 kW (69 CV),Usato,,Manuale,Benzina,3800
88,Fiat Punto Evo,Punto Evo 1.3 mjt Dynamic 75cv 5p,,217000,11/2009,55 kW (75 CV),Usato,,Manuale,Diesel,3800
89,Fiat Punto Evo,1.4 5 porte Emotion Natural Po,,185000,02/2010,51 kW (69 CV),Usato,,Manuale,Metano,3800
90,Fiat Punto Evo,1.2 5 porte Dynamic,,113000,07/2010,48 kW (65 CV),Usato,,Manuale,Benzina,3800
91,Fiat Punto Evo,,,209000,01/2011,51 kW (69 CV),Usato,,Manuale,Benzina,3900
92,Fiat Punto Evo,Punto Evo 1.3 mjt Blue,,196000,05/2011,55 kW (75 CV),Usato,,Manuale,Diesel,3900
93,Fiat Punto Evo,Evo 1.4 natural power MyLife 70cv 5p,,240000,10/2011,51 kW (69 CV),Usato,,Manuale,Metano,3900
94,Fiat Punto Evo,1.4 5 porte Natural Power Ok Neopatentati,,240000,11/2010,57 kW (77 CV),Usato,1,Manuale,Metano,3900
95,Fiat Punto Evo,1.4 Dynamic s,,189470,11/2010,57 kW (77 CV),Usato,1,Manuale,Benzina,3900
96,Fiat Punto Evo,1.4 5 porte Dynamic Natural Po,,177000,10/2009,57 kW (77 CV),Usato,,Manuale,Metano,3900
97,Fiat Punto Evo,1.2 Natural Power benz/metano,,240000,01/2011,51 kW (69 CV),Usato,,Manuale,Benzina,3900
98,Fiat Punto Evo,1.4 Dynamic 77cv 5p DISTRIBUZIONE REVISIONE 11.21,,144000,11/2009,57 kW (77 CV),Usato,,Manuale,Benzina,3950
99,Fiat Punto Evo,1.2 3P DYNAMIC,,91130,03/2011,51 kW (69 CV),Usato,,Manuale,Benzina,3950
100,Fiat Punto Evo,1.3 Mjt 95 CV 3p. S&S Dynamic,,202493,01/2011,70 kW (95 CV),Usato,3,Manuale,Diesel,3990
101,Fiat Punto Evo,Punto Evo 1.3 Mjt 75 CV DPF 3p. S&S Blue&Me,,212473,01/2012,55 kW (75 CV),Usato,,Manuale,Diesel,3990
102,Fiat Punto Evo,1.2 5 porte Dynamic,,159000,05/2010,48 kW (65 CV),Usato,,Manuale,Benzina,3990
103,Fiat Punto Evo,1.2 5 porte Dynamic,,104563,03/2010,48 kW (65 CV),Usato,,Manuale,Benzina,3999
104,Fiat Punto Evo,Punto Evo 1.4 natural power Dynamic 70cv 5p,,189000,06/2010,51 kW (69 CV),Usato,1,Manuale,Metano,4000
105,Fiat Punto Evo,1.3 MJT 75 CV 5 porte Actua,,130000,02/2011,55 kW (75 CV),Usato,,Manuale,Diesel,4000
106,Fiat Punto Evo,Punto Evo 1.2 Dynamic s,,191700,04/2013,51 kW (69 CV),Usato,,Manuale,GPL,4000
107,Fiat Punto Evo,1.3 MJT 75CV 5p. Van Dynamic,,197576,06/2011,55 kW (75 CV),Usato,1,Manuale,Diesel,4000
108,Fiat Punto Evo,1.3 Mjt 75 CV 5 porte Dynamic,,152000,07/2010,55 kW (75 CV),Usato,,Manuale,Diesel,4000
109,Fiat Punto Evo,,,172000,01/2011,70 kW (95 CV),Usato,,Automatico,Diesel,4000
110,Fiat Punto Evo,Punto Evo 1.3 mjt Dynamic s,,190434,07/2011,70 kW (95 CV),Usato,1,Manuale,Diesel,4000
111,Fiat Punto Evo,1.3 Mjt 95 CV DPF 5 porte S,,110000,10/2010,70 kW (95 CV),Usato,,Manuale,Diesel,4000
112,Fiat Punto Evo,1.6 Mjt DPF 5 porte Sport,,200000,09/2010,88 kW (120 CV),Usato,,Manuale,Diesel,4000
113,Fiat Punto Evo,Punto Evo 1.4 Active Gpl 77cv 5p,,222500,11/2009,57 kW (77 CV),Usato,1,Manuale,GPL,4000
114,Fiat Punto Evo,Punto Evo 1.3 mjt Dynamic s,,210000,05/2012,55 kW (75 CV),Usato,,Manuale,Diesel,4000
115,Fiat Punto Evo,Punto Evo 1.2 NEOPATENTATI,,171641,11/2011,51 kW (69 CV),Usato,,Manuale,Benzina,4000
116,Fiat Punto Evo,1.3 Mjt 95 CV DPF 5 porte S,,195000,07/2011,70 kW (95 CV),Usato,,Manuale,Diesel,4000
117,Fiat Punto Evo,1.4 5 porte 150° Natural Power,,260000,06/2011,51 kW (69 CV),Usato,,Manuale,Metano,4000
118,Fiat Punto Evo,1.2 5 porte Dynamic GPL,,132000,10/2010,48 kW (65 CV),Usato,,Manuale,Benzina,4000
119,Fiat Punto Evo,1.3 Mjt 75 CV DPF 5 porte S *PER NEOPATENTATI*,,157227,12/2010,55 kW (75 CV),Usato,,Manuale,Diesel,4000
120,Fiat Punto Evo,1.3 Mjt 75 CV 5 porte Active,,200000,06/2011,55 kW (75 CV),Usato,,Manuale,Diesel,4000
121,Fiat Punto Evo,1.3 MJT 75 DPF S,,145000,05/2011,55 kW (75 CV),Usato,,Manuale,Diesel,4000
122,Fiat Punto Evo,1.4 M.Air 16V 5 porte S,,180000,04/2010,77 kW (105 CV),Usato,,Manuale,Benzina,4000
123,Fiat Punto Evo,Punto Evo 1.2 Blue,,141000,01/2012,51 kW (69 CV),Usato,,Manuale,Benzina,4100
124,Fiat Punto Evo,1.4 3 porte Blue,,176000,07/2012,57 kW (77 CV),Usato,,Manuale,GPL,4100
125,Fiat Punto Evo,Con Motore Sostituito con Revisionato di 80000 KM,,220000,02/2012,51 kW (69 CV),Usato,1,Manuale,Benzina,4200
126,Fiat Punto Evo,1.3 Mjt 75 CV 3 porte Dynamic,,184000,02/2011,55 kW (75 CV),Usato,,Manuale,Diesel,4200
127,Fiat Punto Evo,1.4 5 porte Dynamic Natural Po,,134000,03/2013,51 kW (69 CV),Usato,,Manuale,Metano,4200
128,Fiat Punto Evo,1.2 5 porte S,,140000,09/2011,51 kW (69 CV),Usato,,Manuale,Benzina,4200
129,Fiat Punto Evo,1.3 Mjt 75 CV 5 porte Dynamic,,150000,10/2011,55 kW (75 CV),Usato,,Manuale,Diesel,4200
130,Fiat Punto Evo,1.2 5 porte S,,141000,11/2011,51 kW (69 CV),Usato,,Manuale,Benzina,4200
131,Fiat Punto Evo,1.4 5 porte Dynamic GPL,,163000,11/2010,57 kW (77 CV),Usato,,Manuale,GPL,4200
132,Fiat Punto Evo,1.2 5 porte S&S ok NEOPATENTATTI,,134000,01/2012,51 kW (69 CV),Usato,1,Manuale,Benzina,4200
133,Fiat Punto Evo,grande punto natural power,,185000,10/2011,51 kW (69 CV),Usato,,Manuale,Metano,4250
134,Fiat Punto Evo,1.4 3 porte Dynamic EasyPower,,170919,02/2012,57 kW (77 CV),Usato,1,Manuale,GPL,4290
135,Fiat Punto Evo,1.4 5 porte Dynamic GPL,,200000,10/2011,57 kW (77 CV),Usato,,Manuale,GPL,4299
136,Fiat Punto Evo,1.4 5 porte Active GPL,,128000,04/2010,57 kW (77 CV),Usato,,Manuale,GPL,4299
137,Fiat Punto Evo,Punto Evo 1.4 m-air Dynamic s,,122000,02/2010,77 kW (105 CV),Usato,1,Manuale,Benzina,4300
138,Fiat Punto Evo,1.4 5 porte Active Natural Pow,,141000,03/2010,51 kW (69 CV),Usato,,Manuale,Metano,4300
139,Fiat Punto Evo,1.4 5 porte Active Natural Power,,208899,11/2011,51 kW (69 CV),Usato,,Manuale,Metano,4300
140,Fiat Punto Evo,1.3 Mjt 75 CV 5 porte Dynamic,,157000,08/2011,55 kW (75 CV),Usato,,Manuale,Diesel,4300
141,Fiat Punto Evo,1.3 Mjt 75 CV DPF 5 porte S,,193000,11/2011,55 kW (75 CV),Usato,,Manuale,Diesel,4300
142,Fiat Punto Evo,1.6 Mjt DPF 3 porte Sport,,210000,09/2010,88 kW (120 CV),Usato,,Manuale,Diesel,4300
143,Fiat Punto Evo,1.4 5 porte Dynamic GPL GUIDABILE DA NEOPATENTATI,,100000,10/2010,57 kW (77 CV),Usato,1,Manuale,Benzina,4300
144,Fiat Punto Evo,Punto Evo 1.2 Active s,,156000,03/2011,51 kW (69 CV),Usato,,Manuale,Benzina,4300
145,Fiat Punto Evo,1.4 5 porte Active GPL,,150000,04/2010,57 kW (77 CV),Usato,,Manuale,Benzina,4300
146,Fiat Punto Evo,1.2 5 porte diynamic,,145000,10/2012,51 kW (69 CV),Usato,1,Manuale,Benzina,4300
147,Fiat Punto Evo,1.4 BENZINA -GPL,,180000,03/2012,57 kW (77 CV),Usato,,- (Tipo di cambio),GPL,4400
148,Fiat Punto Evo,Punto Evo 1.2 Blue,,115000,12/2011,51 kW (69 CV),Usato,,Manuale,Benzina,4400
149,Fiat Punto Evo,1.4 5 porte Dynamic Natural Po,,180000,06/2010,51 kW (69 CV),Usato,,Manuale,Metano,4400
150,Fiat Punto Evo,1.3 MJT 75CV 3 porte Van Pop 2 posti *104.000 KM*,,99000,01/2013,55 kW (75 CV),Usato,1,Manuale,Diesel,4400
151,Fiat Punto Evo,1.3 Mjt 95 CV DPF 5 porte S,,220000,04/2011,70 kW (95 CV),Usato,,Manuale,Diesel,4400
152,Fiat Punto Evo,1.4 5 porte EasyPower,,135000,03/2011,57 kW (77 CV),Usato,,Manuale,GPL,4450
153,Fiat Punto Evo,1.2 8V 5 porte OK NEO PATENTATI,,120000,01/2010,48 kW (65 CV),Usato,,Manuale,Benzina,4490
154,Fiat Punto Evo,1.4 5 porte Dynamic Natural Po,,178000,12/2012,51 kW (69 CV),Usato,,Manuale,Metano,4490
155,Fiat Punto Evo,1.4 5 porte Dynamic Natural Po,,185000,04/2011,51 kW (69 CV),Usato,,Manuale,Metano,4499
156,Fiat Punto Evo,1.4 5 porte 150° Natural Power,,150000,04/2013,57 kW (77 CV),Usato,1,Manuale,Metano,4499
157,Fiat Punto Evo,1.3 Mjt DPF 3 porte Dynamic,,161000,08/2011,70 kW (95 CV),Usato,,Manuale,Diesel,4500
158,Fiat Punto Evo,Punto Evo 1.2 Blue & Me 150° Anniversario,,102500,10/2011,51 kW (69 CV),Usato,1,Manuale,Benzina,4500
159,Fiat Punto Evo,1.3 Mjt 75 CV 5 porte Dynamic,,156000,05/2011,55 kW (75 CV),Usato,,Manuale,Diesel,4500
160,Fiat Punto Evo,1.4 M.Air 16V 3 porte Turbo S,,166000,03/2011,99 kW (135 CV),Usato,,Manuale,Benzina,4500
161,Fiat Punto Evo,1.2 3 porte S&S Dynamic,,113000,06/2011,51 kW (69 CV),Usato,,Manuale,Benzina,4500
162,Fiat Punto Evo,1.3 Mjt 90 CV 5 porte Dynamic,,140000,09/2010,66 kW (90 CV),Usato,,Manuale,Diesel,4500
163,Fiat Punto Evo,Punto Evo 1.4 3 porte Active GPL,,164000,03/2010,57 kW (77 CV),Usato,,Manuale,GPL,4500
164,Fiat Punto Evo,1.4 5 porte Dynamic Natural Power NEOPATENTATI,,155400,02/2010,57 kW (77 CV),Usato,,Manuale,Metano,4500
165,Fiat Punto Evo,Punto Evo 1.4 5 porte Active Natural Power,,165000,01/2010,51 kW (69 CV),Usato,,Manuale,Metano,4500
166,Fiat Punto Evo,1.2 S&S 3 porte,,132000,04/2011,51 kW (69 CV),Usato,,- (Tipo di cambio),Benzina,4500
167,Fiat Punto Evo,1.2 S&S 3 porte,,132000,04/2011,51 kW (69 CV),Usato,,- (Tipo di cambio),Benzina,4500
168,Fiat Punto Evo,1.2 S&S 3 porte,,132000,04/2011,51 kW (69 CV),Usato,,- (Tipo di cambio),Benzina,4500
169,Fiat Punto Evo,1.3 Mjt 90 CV 5 porte Dynamic km 126000 Neopatent.,,126000,09/2010,66 kW (90 CV),Usato,2,Manuale,Diesel,4500
170,Fiat Punto Evo,1.3 Mjt 95 CV DPF 5 porte S,,166000,07/2012,70 kW (95 CV),Usato,,Manuale,Diesel,4500
171,Fiat Punto Evo,,,170000,03/2011,51 kW (69 CV),Usato,,Manuale,GPL,4500
172,Fiat Punto Evo,1.2 3 porte S impianto GPL,,112000,08/2011,51 kW (69 CV),Usato,,Manuale,Benzina,4500
173,Fiat Punto Evo,1.4 3 porte Dynamic Natural power trattabile,,160000,08/2012,51 kW (69 CV),Usato,,Manuale,Metano,4500
174,Fiat Punto Evo,1.3 mjt II 16v eco s,,242000,06/2013,62 kW (84 CV),Usato,1,Manuale,Diesel,4500
175,Fiat Punto Evo,1.4 Natural Power Dynamic,,125000,06/2010,57 kW (77 CV),Usato,,Manuale,Altro,4500
176,Fiat Punto Evo,1.4 3 porte Dynamic GPL,,110500,03/2010,57 kW (77 CV),Usato,,Manuale,GPL,4500
177,Fiat Punto Evo,1.2 5 porte S,,144000,07/2011,51 kW (69 CV),Usato,,Manuale,Benzina,4500
178,Fiat Punto Evo,1.4 5 porte GPL,,195000,05/2013,57 kW (77 CV),Usato,,Manuale,GPL,4500
179,Fiat Punto Evo,1.3 Mjt 75 CV 5 porte Dynamic,,155000,07/2011,55 kW (75 CV),Usato,,Manuale,Diesel,4500
180,Fiat Punto Evo,,,155000,03/2010,51 kW (69 CV),Usato,1,- (Tipo di cambio),Metano,4500
181,Fiat Punto Evo,1.3 MJT 75 DPF S,,143168,07/2011,55 kW (75 CV),Usato,,Manuale,Diesel,4500
182,Fiat Punto Evo,1.3 Mjt 95 CV DPF 5 porte S,,170000,06/2011,70 kW (95 CV),Usato,,Manuale,Diesel,4500
183,Fiat Punto Evo,1.4 5 porte Active Natural Pow,,167000,08/2011,51 kW (69 CV),Usato,,Manuale,Metano,4500
184,Fiat Punto Evo,1.3 MJT 95CV DPF S,,147600,11/2011,70 kW (95 CV),Usato,,Manuale,Diesel,4500
185,Fiat Punto Evo,Punto Evo 1.4 easypower Blue,,185000,07/2011,57 kW (77 CV),Usato,,Manuale,GPL,4500
186,Fiat Punto Evo,1.3 Mjt 75 CV 5 porte Dynamic,,188000,11/2010,55 kW (75 CV),Usato,,Manuale,Diesel,4500
187,Fiat Punto Evo,Punto Evo 1.3 mjt Dynamic s,,150000,11/2012,55 kW (75 CV),Usato,,Manuale,Diesel,4500
188,Fiat Punto Evo,1.3 16V Multijet Racing Start,,149000,09/2010,70 kW (95 CV),Usato,,Manuale,Diesel,4500
189,Fiat Punto Evo,1.4 5 porte Blue,,155000,03/2012,51 kW (69 CV),Usato,,Manuale,Metano,4500
190,Fiat Punto Evo,1.3 Mjt 90 CV 5 porte Dynamic,,123885,11/2009,66 kW (90 CV),Usato,,Manuale,Diesel,4500
191,Fiat Punto Evo,1.3 Mjt 75 CV 3 porte Fun,,157000,10/2009,55 kW (75 CV),Usato,,Manuale,Diesel,4500
192,Fiat Punto Evo,1.4 5 porte Dynamic GPL,,150000,05/2010,57 kW (77 CV),Usato,2,Manuale,GPL,4500
193,Fiat Punto Evo,1.4 3 porte Dynamic GPL,,157000,01/2010,57 kW (77 CV),Usato,,Manuale,GPL,4500
194,Fiat Punto Evo,1.3 Mjt 75 CV DPF 5 porte S,,135000,10/2012,55 kW (75 CV),Usato,,Manuale,Diesel,4500
195,Fiat Punto Evo,1.4 5 porte Dynamic EasyPower,,180000,07/2012,57 kW (77 CV),Usato,1,Manuale,GPL,4500
196,Fiat Punto Evo,1.3 Mjt 90 CV 5 porte Sport,,200000,09/2010,66 kW (90 CV),Usato,,Manuale,Diesel,4500
197,Fiat Punto Evo,1.3 Mjt 75 CV DPF 5 porte S,,208000,07/2011,55 kW (75 CV),Usato,,Manuale,Diesel,4500
198,Fiat Punto Evo,1.3 Mjt 75 CV 5 porte Dynamic,,180000,06/2011,55 kW (75 CV),Usato,,Manuale,Diesel,4500
199,Fiat Punto Evo,1.3 Mjt 95 CV DPF 5 porte S,,175000,05/2011,70 kW (95 CV),Usato,,Manuale,Diesel,4500
200,Fiat Punto Evo,1.4 5 porte Active GPL,,178000,06/2010,57 kW (77 CV),Usato,,Manuale,GPL,4500
201,Fiat Punto Evo,1.3 Mjt 95 CV DPF 3 porte S&S Sport,,100000,12/2010,70 kW (95 CV),Usato,,Manuale,Diesel,4500
202,Fiat Punto Evo,1.2 Dynamic 65cv OK NEOPATENTATI - GARANZIA UFF.,,159900,07/2010,48 kW (65 CV),Usato,,Manuale,Benzina,4590
203,Fiat Punto Evo,1.3 Mjt 95 CV DPF 3 porte S,,200000,05/2010,70 kW (95 CV),Usato,,Manuale,Diesel,4600
204,Fiat Punto Evo,1.2 5 porte Dynamic,,169000,05/2010,48 kW (65 CV),Usato,1,Manuale,Benzina,4600
205,Fiat Punto Evo,1.2 5 porte S,,94500,05/2011,51 kW (69 CV),Usato,,Manuale,Benzina,4600
206,Fiat Punto Evo,1.4 3 porte Blue&Me GPL,,188000,10/2011,57 kW (77 CV),Usato,,Manuale,GPL,4600
207,Fiat Punto Evo,1.4 3 porte Blue,,159000,06/2012,51 kW (69 CV),Usato,,Manuale,Metano,4600
208,Fiat Punto Evo,Punto Evo 1.3 mjt Dynamic 90cv 5p,,147000,09/2010,66 kW (90 CV),Usato,1,Manuale,Diesel,4700
209,Fiat Punto Evo,Punto Evo 1.4 natural power Emotion 70cv 5p,,169000,11/2009,51 kW (69 CV),Usato,,Manuale,Metano,4700
210,Fiat Punto Evo,1.3 MJT 75 DPF S,,189000,11/2010,55 kW (75 CV),Usato,,Manuale,Diesel,4700
211,Fiat Punto Evo,1.4 5 porte Active GPL,,125000,11/2009,57 kW (77 CV),Usato,,Manuale,GPL,4700
212,Fiat Punto Evo,Punto Evo 1.2 Active 65cv 5p,,160000,12/2007,48 kW (65 CV),Usato,,Manuale,GPL,4700
213,Fiat Punto Evo,1.2 5 porte Dynamic,,132000,04/2010,48 kW (65 CV),Usato,,Manuale,Benzina,4700
214,Fiat Punto Evo,Punto Evo 1.4 Dynamic Gpl 77cv 3p,,199500,01/2010,57 kW (77 CV),Usato,1,Manuale,GPL,4700
215,Fiat Punto Evo,1.3 Mjt 90 CV 5 porte Sport,,182000,11/2010,66 kW (90 CV),Usato,,Manuale,Diesel,4700
216,Fiat Punto Evo,1.3 Mjt 75 CV 5 porte Dynamic,,159000,02/2011,55 kW (75 CV),Usato,1,Manuale,Diesel,4799
217,Fiat Punto Evo,Lounge,,167000,05/2012,55 kW (75 CV),Usato,,- (Tipo di cambio),Diesel,4800
218,Fiat Punto Evo,1.4 5 porte metano 1°PROP. PER NEOPAT. GARANZIA,,181500,08/2009,57 kW (77 CV),Usato,1,Manuale,Metano,4800
219,Fiat Punto Evo,1.4 5 porte GPL+ NEOPATENTATI + AUTOMATICA,,140000,03/2011,57 kW (77 CV),Usato,2,Automatico,GPL,4800
220,Fiat Punto Evo,1.4 5 porte MyLife EasyPower,,150000,04/2013,57 kW (77 CV),Usato,,Manuale,GPL,4800
221,Fiat Punto Evo,1.2 5 porte Fun GPL,,140000,07/2010,48 kW (65 CV),Usato,,Manuale,Benzina,4800
222,Fiat Punto Evo,1.4 5 porte S,,98000,12/2010,57 kW (77 CV),Usato,,Manuale,Benzina,4800
223,Fiat Punto Evo,Punto Evo 1.2 Blue OK NEOPATENTATI,,86000,09/2011,51 kW (69 CV),Usato,,Manuale,Benzina,4800
224,Fiat Punto Evo,PUNTO EVO 1.3 MJT S&S DYNAMIQUE,,186000,12/2011,70 kW (95 CV),Usato,,Manuale,Diesel,4800
225,Fiat Punto Evo,1.4 Metano Dynamic Natural Power,,183000,03/2010,57 kW (77 CV),Usato,,Manuale,Metano,4800
226,Fiat Punto Evo,1.4 5 porte Dynamic Natural Po,,100000,11/2009,51 kW (69 CV),Usato,1,Manuale,Metano,4800
227,Fiat Punto Evo,1.3 Mjt 75 CV DPF 5 porte S,,127000,07/2012,55 kW (75 CV),Usato,,Manuale,Diesel,4800
228,Fiat Punto Evo,1.3 Mjt 95 CV DPF 5 porte S,,180000,09/2011,70 kW (95 CV),Usato,1,Manuale,Diesel,4850
229,Fiat Punto Evo,natural power OK NEOPATENTATI,,179850,11/2011,51 kW (69 CV),Usato,,Manuale,Metano,4890
230,Fiat Punto Evo,1.4 Dynamic Gpl 77cv * UNICO PROP * NEOPATENTATI *,,119000,02/2010,57 kW (77 CV),Usato,,Manuale,GPL,4890
231,Fiat Punto Evo,Punto Evo 1.4 Emotion easypower Gpl 77cv 5p,,157000,08/2011,57 kW (77 CV),Usato,,Manuale,GPL,4900
232,Fiat Punto Evo,Punto Evo 1.4 Dynamic Gpl 77cv 5p OK neopatentati,,125000,01/2010,57 kW (77 CV),Usato,2,Manuale,GPL,4900
233,Fiat Punto Evo,1.2 150th--AUTO PER NEOPATENTATO--,,150771,08/2011,51 kW (69 CV),Usato,2,Manuale,Benzina,4900
234,Fiat Punto Evo,1.4 5p. Dynamic,,99000,02/2010,57 kW (77 CV),Usato,1,Manuale,Benzina,4900
235,Fiat Punto Evo,Punto Evo 1.2 150th s,,132500,05/2011,51 kW (69 CV),Usato,1,Manuale,Benzina,4900
236,Fiat Punto Evo,emotion tetto apribile,,181000,11/2012,51 kW (69 CV),Usato,,- (Tipo di cambio),GPL,4900
237,Fiat Punto Evo,1.4 5 porte 150° EasyPower,,204000,04/2013,57 kW (77 CV),Usato,1,Manuale,GPL,4900
238,Fiat Punto Evo,Punto Evo 1.4 Dynamic easypower Gpl 77cv 5p,,179137,07/2011,57 kW (77 CV),Usato,1,Manuale,GPL,4900
239,Fiat Punto Evo,1.2 8 V 5 PORTI Lounge,,158000,07/2013,51 kW (69 CV),Usato,1,Manuale,Benzina,4900
240,Fiat Punto Evo,1.3 Mjt 75 CV 5 porte Active,,162644,09/2010,55 kW (75 CV),Usato,,Manuale,Diesel,4900
241,Fiat Punto Evo,1.3 Mjt 75 CV DPF 5 porte S,,105000,08/2011,55 kW (75 CV),Usato,,Manuale,Diesel,4900
242,Fiat Punto Evo,1.2 5 porte S&S Dynamic,,75000,01/2012,51 kW (69 CV),Usato,,Manuale,Benzina,4900
243,Fiat Punto Evo,1.2 5 porte S,,122000,10/2010,51 kW (69 CV),Usato,1,Manuale,Benzina,4900
244,Fiat Punto Evo,1.4 5 porte Dynamic Natural Power,,178500,09/2011,57 kW (77 CV),Usato,,Manuale,Metano,4900
245,Fiat Punto Evo,1.2 5 porte BLE&ME 150° ANNIVERSARIO,,139000,10/2012,51 kW (69 CV),Usato,1,Manuale,Benzina,4900
246,Fiat Punto Evo,FIAT PUNTO EVO 1.3 MJT 90,,240000,04/2011,66 kW (90 CV),Usato,,Manuale,Diesel,4900
247,Fiat Punto Evo,1.3 Mjt 95 CV DPF 5 porte S&S Dynamic,,191200,04/2011,70 kW (95 CV),Usato,,Manuale,Diesel,4900
248,Fiat Punto Evo,1.2 3 porte S,,95000,09/2012,51 kW (69 CV),Usato,,Manuale,Benzina,4900
249,Fiat Punto Evo,1.3 Mjt 95 CV DPF 5 porte S FINO 48 MESI T-Ø,,191000,04/2011,70 kW (95 CV),Usato,1,Manuale,Diesel,4900
250,Fiat Punto Evo,1.4 5 porte Emotion GPL collaudo gas fino 2030,,89000,11/2009,57 kW (77 CV),Usato,1,Manuale,GPL,4900
251,Fiat Punto Evo,1.2 5 porte Dynamic,,117210,11/2010,48 kW (65 CV),Usato,1,Manuale,Benzina,4950
252,Fiat Punto Evo,1.3 Mjt 75 CV 150° Anniv Uniprop Tagliandi,,159000,07/2011,70 kW (95 CV),Usato,1,Manuale,Diesel,4950
253,Fiat Punto Evo,Punto Evo 1.3 Mjt 95 CV DPF 5 porte S&S Emotion,,150000,09/2012,70 kW (95 CV),Usato,,Manuale,Diesel,4950
254,Fiat Punto Evo,Punto Evo 1.2 Blue,,155000,12/2010,51 kW (69 CV),Usato,,Manuale,Benzina,4990
255,Fiat Punto Evo,1.4 5 porte Active EasyPower,,148000,10/2013,57 kW (77 CV),Usato,2,Manuale,GPL,4990
256,Fiat Punto Evo,1.4 3 porte Dynamic GPL,,114000,01/2010,57 kW (77 CV),Usato,,Manuale,GPL,4990
257,Fiat Punto Evo,1.3 Multijet Anno 2015,,229348,05/2015,55 kW (75 CV),Usato,,Manuale,Diesel,4999
258,Fiat Punto Evo,1.2 3 porte Active,,133200,01/2010,48 kW (65 CV),Usato,,Manuale,Benzina,4999
259,Fiat Punto Evo,1.4 Benz./G.P.L. 5 Porte Dynamic ( KM 115.000 ),,115000,07/2011,57 kW (77 CV),Usato,1,Manuale,GPL,4999
260,Fiat Punto Evo,,,133000,08/2011,75 kW (102 CV),Usato,,- (Tipo di cambio),Diesel,5000
261,Fiat Punto Evo,1.2 5 porte Dynamic,,130000,03/2010,48 kW (65 CV),Usato,,Manuale,Benzina,5000
262,Fiat Punto Evo,,,145000,01/2012,55 kW (75 CV),Usato,,- (Tipo di cambio),Diesel,5000
263,Fiat Punto Evo,,,135000,11/2010,95 kW (129 CV),Usato,,- (Tipo di cambio),Diesel,5000
264,Fiat Punto Evo,1.3 Mjt 75 CV DPF 5 porte S,,161000,04/2011,55 kW (75 CV),Usato,,Manuale,Diesel,5000
265,Fiat Punto Evo,1.3 Mjt 95 CV DPF 5 porte S,,193000,12/2011,70 kW (95 CV),Usato,,Manuale,Diesel,5000
266,Fiat Punto Evo,Punto Evo 1.4 m-air Dynamic s,,101000,12/2009,77 kW (105 CV),Usato,1,Manuale,Benzina,5000
267,Fiat Punto Evo,1.3 Mjt 75 CV DPF 3 porte,,160000,11/2010,55 kW (75 CV),Usato,,Manuale,Diesel,5000
268,Fiat Punto Evo,Punto Evo 1.3 mjt Blue&Me,,109000,04/2011,55 kW (75 CV),Usato,1,Manuale,Diesel,5000
269,Fiat Punto Evo,1.6 Mjt DPF 3 porte Sport,,238000,01/2010,88 kW (120 CV),Usato,,Manuale,Diesel,5000
270,Fiat Punto Evo,1.2 3 porte Active,,120000,01/2011,48 kW (65 CV),Usato,,Manuale,Benzina,5000
271,Fiat Punto Evo,1.2 3 porte Active,,145000,09/2010,48 kW (65 CV),Usato,,Manuale,Benzina,5000
272,Fiat Punto Evo,1.3 Mjt 75 CV DPF 5 porte S,,112000,09/2012,55 kW (75 CV),Usato,,Manuale,Diesel,5000
273,Fiat Punto Evo,1.3 Mjt 75 CV DPF 5 porte S,,120000,05/2012,55 kW (75 CV),Usato,,Manuale,Diesel,5000
274,Fiat Punto Evo,1.3 Mjt 95 CV DPF 5 porte S,,145000,09/2012,70 kW (95 CV),Usato,,Semiautomatico,Diesel,5000
275,Fiat Punto Evo,Punto Evo 1.3 mjt Dynamic 90cv 5p,,140000,04/2010,66 kW (90 CV),Usato,1,Manuale,Diesel,5000
276,Fiat Punto Evo,1.3 Mjt 75 CV 5 porte Dynamic,,150000,05/2010,55 kW (75 CV),Usato,,Manuale,Diesel,5000
277,Fiat Punto Evo,1.2 5 porte,,46000,04/2010,48 kW (65 CV),Usato,,Manuale,Benzina,5000
278,Fiat Punto Evo,1.3 MJT 75CV 5p..Dynamic,,125000,06/2012,55 kW (75 CV),Usato,,Manuale,Diesel,5000
279,Fiat Punto Evo,1.3 Mjt 75 CV 5 porte Active,,153000,04/2011,55 kW (75 CV),Usato,,Manuale,Diesel,5000
280,Fiat Punto Evo,1.2 5 porte S,,161000,04/2011,51 kW (69 CV),Usato,,Manuale,Benzina,5000
281,Fiat Punto Evo,1.2 5 porte,,82000,07/2010,51 kW (69 CV),Usato,,Manuale,Benzina,5000
282,Fiat Punto Evo,1.2 5 porte S,,155000,11/2010,51 kW (69 CV),Usato,,Manuale,Benzina,5000
283,Fiat Punto Evo,1.2 5 porte S,,100258,01/2013,51 kW (69 CV),Usato,,Manuale,Benzina,5000
284,Fiat Punto Evo,1.2 5 porte Dynamic OK NEOPATENTATI,,118000,05/2010,48 kW (65 CV),Usato,1,Manuale,Benzina,5000
285,Fiat Punto Evo,1.4 5 porte Active EasyPower,,141000,09/2012,57 kW (77 CV),Usato,,Manuale,GPL,5100
286,Fiat Punto Evo,1.4 5 porte S,,114000,03/2012,57 kW (77 CV),Usato,,Semiautomatico,Benzina,5100
287,Fiat Punto Evo,1.4 5 porte Dynamic GPL,,139000,11/2010,57 kW (77 CV),Usato,,Manuale,GPL,5200
288,Fiat Punto Evo,Punto Evo 1.3 MJT Sport 95 CV. S&S 5p.,,200000,02/2011,70 kW (95 CV),Usato,1,Manuale,Diesel,5200
289,Fiat Punto Evo,Punto Evo 1.4 Active s NEOPATENTATI,,120000,12/2010,57 kW (77 CV),Usato,,Manuale,Benzina,5200
290,Fiat Punto Evo,1.3 MJT 75CV 2011 DYNAMIC,,136500,04/2011,55 kW (75 CV),Usato,,Manuale,Diesel,5200
291,Fiat Punto Evo,Punto Evo 1.4 150th s,,135000,09/2011,57 kW (77 CV),Usato,,Automatico,Benzina,5200
292,Fiat Punto Evo,Punto Evo 1.3 mjt Sport,,203000,11/2010,55 kW (75 CV),Usato,2,Manuale,Diesel,5200
293,Fiat Punto Evo,Punto Evo 1.2 Blue,,94000,02/2012,51 kW (69 CV),Usato,1,Manuale,Benzina,5200
294,Fiat Punto Evo,Punto Evo 1.3 mjt Dynamic s,,131000,07/2010,70 kW (95 CV),Usato,2,Manuale,Diesel,5200
295,Fiat Punto Evo,1.4 5 porte Emotion Natural Po,,48000,02/2010,51 kW (69 CV),Usato,,Manuale,Metano,5200
296,Fiat Punto Evo,1.3 MJT 75CV 5p. Van Dynamic,,117000,05/2012,55 kW (75 CV),Usato,,Manuale,Diesel,5200
297,Fiat Punto Evo,Punto Evo 1.3 mjt Dynamic s,,87800,10/2011,70 kW (95 CV),Usato,2,Manuale,Diesel,5300
298,Fiat Punto Evo,1.3 mjt 95 cv Dynamic 2011,,158000,12/2012,55 kW (75 CV),Usato,,Manuale,Diesel,5300
299,Fiat Punto Evo,1.3 MJT 75CV 3p. Van Dynamic,,158000,12/2012,55 kW (75 CV),Usato,,Manuale,Diesel,5300
300,Fiat Punto Evo,1.2 5 porte Dynamic,,91000,11/2011,48 kW (65 CV),Usato,1,Manuale,Benzina,5300
301,Fiat Punto Evo,1.3 Mjt 95 CV DPF 5 porte S,,147000,09/2010,70 kW (95 CV),Usato,,Semiautomatico,Diesel,5300
302,Fiat Punto Evo,1.6 M.JET 120 cv. 3 porte SPORT,,172000,01/2010,88 kW (120 CV),Usato,,Manuale,Diesel,5300
303,Fiat Punto Evo,1.3 Mjt 75 CV 5 porte Dynamic,,132000,03/2010,55 kW (75 CV),Usato,,Manuale,Diesel,5350
304,Fiat Punto Evo,1.6 Mjt DPF 5 porte S&S Emotion,,188000,06/2011,88 kW (120 CV),Usato,,Manuale,Diesel,5399
305,Fiat Punto Evo,1.3 Mjt 75 CV DPF 5 porte S&S Active,,173288,04/2011,55 kW (75 CV),Usato,,Manuale,Diesel,5400
306,Fiat Punto Evo,1.6 Mjt DPF 5 porte S,,130000,09/2011,88 kW (120 CV),Usato,2,Manuale,Diesel,5450
307,Fiat Punto Evo,1.4 5 porte Dynamic Natural Po,,165000,10/2012,51 kW (69 CV),Usato,1,Manuale,Metano,5450
308,Fiat Punto Evo,1.4 5 porte Emotion Natural Power,,125000,10/2011,57 kW (77 CV),Usato,,Manuale,Metano,5499
309,Fiat Punto Evo,1.2 5 porte S,,110000,03/2013,51 kW (69 CV),Usato,,Manuale,Benzina,5499
310,Fiat Punto Evo,Punto Evo 1.2 150th s,,100000,06/2011,51 kW (69 CV),Usato,2,Manuale,GPL,5500
311,Fiat Punto Evo,Punto Evo 1.4 m-air turbo Sport s,,207000,10/2010,99 kW (135 CV),Usato,,Manuale,Benzina,5500
312,Fiat Punto Evo,1.3 Mjt 75CV DPF 5 Porte,,176000,01/2012,55 kW (75 CV),Usato,,Manuale,Diesel,5500
313,Fiat Punto Evo,1.2 5 Porte S&S Blue&Me 150º anniversario,,114000,05/2011,51 kW (69 CV),Usato,1,Manuale,Benzina,5500
314,Fiat Punto Evo,1.3 Mjt 75 CV 5 porte Active,,170000,08/2011,55 kW (75 CV),Usato,,Manuale,Diesel,5500
315,Fiat Punto Evo,1300 multiget autocarro,,95000,12/2011,57 kW (77 CV),Usato,1,- (Tipo di cambio),Diesel,5500
316,Fiat Punto Evo,Neopatentati,,150000,05/2011,51 kW (69 CV),Usato,1,Manuale,Benzina,5500
317,Fiat Punto Evo,1.3 Mjt 95 CV DPF 3 porte S,,176681,04/2011,70 kW (95 CV),Usato,,Manuale,Diesel,5500
318,Fiat Punto Evo,1.3 Mjt 75 CV 5 porte Fun,,150000,03/2011,55 kW (75 CV),Usato,,Manuale,Diesel,5500
319,Fiat Punto Evo,mylife 150esimo anniversario,,109000,04/2011,51 kW (69 CV),Usato,1,Manuale,Benzina,5500
320,Fiat Punto Evo,1.4 5 porte Dynamic - Per Neopat.,,127900,02/2011,57 kW (77 CV),Usato,1,Manuale,Benzina,5500
321,Fiat Punto Evo,1.4 3 porte Dynamic GPL,,122017,09/2010,57 kW (77 CV),Usato,,Manuale,GPL,5500
322,Fiat Punto Evo,Punto Evo 1.2 MyLife s,,112000,01/2011,51 kW (69 CV),Usato,1,Manuale,Benzina,5500
323,Fiat Punto Evo,1.4 5 porte Dynamic Natural Power,,159043,05/2012,57 kW (77 CV),Usato,1,Manuale,Metano,5500
324,Fiat Punto Evo,1.3 Mjt 95 CV DPF 5 porte S,,130000,10/2011,70 kW (95 CV),Usato,,Manuale,Diesel,5500
325,Fiat Punto Evo,1.3 MJT 75 DPF S,,137000,03/2011,55 kW (75 CV),Usato,1,Manuale,Diesel,5500
326,Fiat Punto Evo,Punto Evo 1.3 mjt MyLife s,,151000,03/2011,55 kW (75 CV),Usato,,Manuale,Diesel,5500
327,Fiat Punto Evo,1.3 MJT 85 DPF S,,139000,03/2011,70 kW (95 CV),Usato,,Manuale,Diesel,5500
328,Fiat Punto Evo,1.4 5 porte Emotion GPL,,141000,11/2009,57 kW (77 CV),Usato,,Manuale,GPL,5500
329,Fiat Punto Evo,Punto Evo 1.3 mjt Dynamic s,,186571,04/2011,70 kW (95 CV),Usato,,Manuale,Diesel,5500
330,Fiat Punto Evo,1.2 GPL UNICOPROPRIETARIO 150°ANNIVERSARIO,,157000,05/2011,51 kW (69 CV),Usato,1,Manuale,GPL,5500
331,Fiat Punto Evo,1.3 mjt Fun s,,130000,01/2011,55 kW (75 CV),Usato,,Manuale,Diesel,5500
332,Fiat Punto Evo,1.3 Mjt 75 CV DPF 5 porte S,,108000,05/2011,55 kW (75 CV),Usato,,Manuale,Diesel,5500
333,Fiat Punto Evo,Punto Evo 1.3 mjt Active s,,134000,12/2010,55 kW (75 CV),Usato,,Manuale,Diesel,5500
334,Fiat Punto Evo,1.3 Mjt 75 CV DPF 3 porte S,,160000,01/2010,55 kW (75 CV),Usato,,Manuale,Diesel,5500
335,Fiat Punto Evo,1.3 Mjt 95 CV DPF 5 porte S,,104000,07/2011,70 kW (95 CV),Usato,,Manuale,Diesel,5500
336,Fiat Punto Evo,1.2 benzina GPL,,102000,02/2012,51 kW (69 CV),Usato,,Manuale,Benzina,5500
337,Fiat Punto Evo,1.3 Mjt 95 CV DPF 3 porte Sport,,145000,01/2011,70 kW (95 CV),Usato,2,Manuale,Diesel,5500
338,Fiat Punto Evo,Punto Evo 1.3 Mjt 95 CV DPF 5 porte S&S Dynamic,,131600,07/2011,70 kW (95 CV),Usato,,Manuale,Diesel,5500
339,Fiat Punto Evo,1.4 5 porte Dynamic,,70000,09/2012,57 kW (77 CV),Usato,1,Manuale,Benzina,5500
340,Fiat Punto Evo,1.3 Mjt 95 CV DPF 5 porte S,,129000,01/2011,70 kW (95 CV),Usato,,Manuale,Diesel,5500
341,Fiat Punto Evo,1.4 5 porte Active EasyPower GPL,,144000,03/2012,57 kW (77 CV),Usato,,Manuale,GPL,5500
342,Fiat Punto Evo,1.3 Mjt 75 CV 3 porte Dynamic,,144000,12/2010,55 kW (75 CV),Usato,,Manuale,Diesel,5500
343,Fiat Punto Evo,1.3 Mjt 75 CV DPF 5 porte S s,,200000,02/2012,55 kW (75 CV),Usato,,Manuale,Diesel,5500
344,Fiat Punto Evo,1.3 Mjt 95 CV DPF 5 porte S,,145000,12/2012,70 kW (95 CV),Usato,,Manuale,Diesel,5500
345,Fiat Punto Evo,,,91902,02/2011,55 kW (75 CV),Usato,1,Manuale,Diesel,5599
346,Fiat Punto Evo,1.4 3 porte S&S Active - OK NEOPATENTATI -,,152100,05/2011,57 kW (77 CV),Usato,,Manuale,Benzina,5600
347,Fiat Punto Evo,1.4 5 porte Emotion GPL,,121316,03/2010,57 kW (77 CV),Usato,1,Manuale,GPL,5600
348,Fiat Punto Evo,1.2 5 porte S.S. 150° UNIPRO,,91018,07/2011,51 kW (69 CV),Usato,1,Manuale,Benzina,5600
349,Fiat Punto Evo,,,166000,11/2012,57 kW (77 CV),Usato,,- (Tipo di cambio),GPL,5699
350,Fiat Punto Evo,1.3 Mjt 90 CV 3 porte Sport,,112000,09/2010,66 kW (90 CV),Usato,,Manuale,Diesel,5699
351,Fiat Punto Evo,1.3 Mjt 95 CV DPF 5 porte S,,90000,11/2011,70 kW (95 CV),Usato,,Manuale,Diesel,5700
352,Fiat Punto Evo,Punto Evo 1.4 5 porte Emotion Natural Power,,96000,01/2011,57 kW (77 CV),Usato,,Manuale,Benzina,5700
353,Fiat Punto Evo,1.3 Mjt 75 CV Sport,,140000,02/2013,55 kW (75 CV),Usato,,Manuale,Diesel,5700
354,Fiat Punto Evo,1.3 Mjt 95 CV DPF 3 porte S&S Sport,,193598,12/2010,70 kW (95 CV),Usato,,Manuale,Diesel,5700
355,Fiat Punto Evo,1.2 5 porte OK PER NEOPATENTATI+NAVIGATORE+CRUISE,,99000,04/2013,51 kW (69 CV),Usato,1,Manuale,Benzina,5700
356,Fiat Punto Evo,1.3Mjt 95Cv Dpf 5Porte S&S Dualogic Dynamic,,95530,09/2011,70 kW (95 CV),Usato,,Semiautomatico,Diesel,5700
357,Fiat Punto Evo,1.3 Mjt 75 CV DPF 5 porte S,,125000,10/2011,55 kW (75 CV),Usato,,Manuale,Diesel,5750
358,Fiat Punto Evo,"1.4i 105Cv BZ/GPL 5Pte Dynamic ""AC/CD""",,104000,11/2011,77 kW (105 CV),Usato,2,Manuale,GPL,5790
359,Fiat Punto Evo,Punto Evo 1.3 Mjt 75 CV DPF 5 porte S&S Dynamic,,160977,01/2011,55 kW (75 CV),Usato,,Manuale,Diesel,5790
360,Fiat Punto Evo,1.3 Mjt 75 CV 5 porte Dynamic Per Neopatentati,,144000,06/2011,55 kW (75 CV),Usato,,Manuale,Diesel,5799
361,Fiat Punto Evo,dynamic,,90000,04/2011,55 kW (75 CV),Usato,,- (Tipo di cambio),Metano,5800
362,Fiat Punto Evo,1.3 mjt Sport 95cv 3p -AUTOMATICA,,150000,12/2011,70 kW (95 CV),Usato,2,Automatico,Diesel,5800
363,Fiat Punto Evo,Punto Evo 1.3 mjt Cambio Automatico,,171586,04/2011,70 kW (95 CV),Usato,,Automatico,Diesel,5800
364,Fiat Punto Evo,1.4 5 porte Emotion GPL,,137000,03/2012,57 kW (77 CV),Usato,,Manuale,GPL,5800
365,Fiat Punto Evo,1.3 Mjt 75 CV DPF 5 porte S&S Dynamic! VEDI INFO!!,,166960,12/2010,55 kW (75 CV),Usato,,Manuale,Diesel,5800
366,Fiat Punto Evo,1.4 5 porte Dynamic Natural Power GARANZIA,,181000,06/2011,51 kW (69 CV),Usato,1,Manuale,Metano,5800
367,Fiat Punto Evo,1.4 5 porte Dynamic EasyPower,,130000,10/2013,57 kW (77 CV),Usato,,Manuale,Metano,5800
368,Fiat Punto Evo,1.4 5 porte 150° Natural Power METANO,,128300,04/2011,51 kW (69 CV),Usato,1,Manuale,Metano,5800
369,Fiat Punto Evo,1.4 5p. Active GPL,,118000,12/2010,57 kW (77 CV),Usato,,Manuale,GPL,5800
370,Fiat Punto Evo,1.2 5p. S&S Active,,139000,01/2011,51 kW (69 CV),Usato,,Manuale,Benzina,5800
371,Fiat Punto Evo,1.4 M.Air 16V 3 porte Turbo S,,180000,12/2012,99 kW (135 CV),Usato,,Manuale,Benzina,5800
372,Fiat Punto Evo,1.3 Mjt 75 CV 5 porte Active,,137751,02/2010,55 kW (75 CV),Usato,,Manuale,Diesel,5800
373,Fiat Punto Evo,"1.3 mjt s&s E5 95cv OTTIME CONDIZIONI, FULL OPT.!",,100000,11/2011,70 kW (95 CV),Usato,,Manuale,Diesel,5850
374,Fiat Punto Evo,1.4 Dynamic N.Power 70CV (E.5A),,155302,05/2011,57 kW (77 CV),Usato,,Manuale,Metano,5890
375,Fiat Punto Evo,1.4 5 porte Blue,,130000,12/2011,57 kW (77 CV),Usato,1,Manuale,GPL,5900
376,Fiat Punto Evo,1.3 mjt Dynamic,,146092,03/2011,55 kW (75 CV),Usato,,Manuale,Diesel,5900
377,Fiat Punto Evo,1.2 5 porte S/ NEOPATENTATI,,162000,02/2011,51 kW (69 CV),Usato,1,Manuale,Benzina,5900
378,Fiat Punto Evo,1.3 mjt-NEOPATENTATI-CLIMA-NAVI-5 PORTE-75CV,,158000,11/2011,55 kW (75 CV),Usato,2,Manuale,Diesel,5900
379,Fiat Punto Evo,1.4 16V 5 porte Dynamic,,87000,03/2010,77 kW (105 CV),Usato,,Manuale,Benzina,5900
380,Fiat Punto Evo,1.3 Mjt 75 CV DPF 3 porte S Tourning neo patentati,,230000,10/2009,55 kW (75 CV),Usato,,Manuale,Diesel,5900
381,Fiat Punto Evo,1.2 5 porte Dynamic*NEOPATENTATI*,,129000,04/2013,51 kW (69 CV),Usato,1,Manuale,Benzina,5900
382,Fiat Punto Evo,1.2 5 porte*NEOPATENTATI*CLIMA*,,129000,04/2013,51 kW (69 CV),Usato,1,Manuale,Benzina,5900
383,Fiat Punto Evo,Evo 1.3 MTJ S&S,,183192,07/2013,62 kW (84 CV),Usato,1,Manuale,Diesel,5900
384,Fiat Punto Evo,1.3 Mjt 95 CV DPF 5 porte S&S Dynamic,,138311,07/2012,70 kW (95 CV),Usato,,Manuale,Diesel,5900
385,Fiat Punto Evo,1.2 5 porte S,,130000,09/2011,51 kW (69 CV),Usato,,Manuale,Benzina,5900
386,Fiat Punto Evo,1.4 5 porte S,,71469,09/2011,57 kW (77 CV),Usato,,Automatico,Benzina,5900
387,Fiat Punto Evo,1.3 MJT 5 porte S&S Dynamic,,210000,03/2011,70 kW (95 CV),Usato,,Manuale,Diesel,5900
388,Fiat Punto Evo,1.2 5 porte Dynamic Neopatentato,,90000,07/2010,48 kW (65 CV),Usato,,Manuale,Benzina,5900
389,Fiat Punto Evo,Punto Evo 1.3 mjt Emotion Clima auto-Unico Proprie,,93600,02/2011,70 kW (95 CV),Usato,,Manuale,Diesel,5900
390,Fiat Punto Evo,1.3 Mjt 95 CV DPF 3 porte S,,135000,09/2010,70 kW (95 CV),Usato,,Manuale,Diesel,5900
391,Fiat Punto Evo,1.4 8V 5 porte Easypower Street,,136100,07/2014,57 kW (77 CV),Usato,,Manuale,GPL,5900
392,Fiat Punto Evo,1.3 Mjt 75 CV DPF 5 porte S,,147423,08/2013,55 kW (75 CV),Usato,,Manuale,Diesel,5900
393,Fiat Punto Evo,1.4 Natural Power 70cv 5 porte Dynamic,,120000,10/2011,57 kW (77 CV),Usato,,Manuale,Metano,5950
394,Fiat Punto Evo,1.4 8v 5 porte GPL EasyPower (Neopatentati),,136525,06/2012,57 kW (77 CV),Usato,,Manuale,GPL,5990
395,Fiat Punto Evo,1.3 Mjt 95 CV DPF 5 porte S,,105000,09/2012,70 kW (95 CV),Usato,,Manuale,Diesel,5990
396,Fiat Punto Evo,Punto Evo 1.3 mjt Dynamic CAMBIO AUTOMATICO,,163000,05/2011,70 kW (95 CV),Usato,1,Automatico,Diesel,5999
397,Fiat Punto Evo,1.4 5 porte S,,125000,10/2011,57 kW (77 CV),Usato,,Automatico,Benzina,5999
398,Fiat Punto Evo,1.3 Mjt 95 CV DPF 5 porte S,,176500,12/2011,70 kW (95 CV),Usato,,Manuale,Diesel,5999
399,Fiat Punto Evo,1.4 5 porte Natural Power ok neopatentati,,145000,05/2011,51 kW (69 CV),Usato,,Manuale,Metano,6000
